{
  "genome": [
    -0.7876758558204365,
    -0.07167527781440497,
    0.16553075532459322,
    0.29481303858891894,
    0.14198680519075962,
    -0.1746811401991366,
    -0.8323677052147335,
    -2,
    -0.5212083466486606,
    0.5653137868536869,
    -0.08226446881883581,
    1.387533901273986
  ],
  "fitness": 0.7335714285714287,
  "source": "gens/gen_023.json"
}