{
 "build_arch": {
  "lucario_ex": 0.5,
  "crustle_LO": 0.16666666666666666,
  "mixed_ex3": 1.0,
  "alakazam": 0.6666666666666666,
  "mixed_ex4_arch": 0.6666666666666666,
  "dragapult": 0.6666666666666666,
  "_band_weighted": 0.525
 },
 "build_sp3": {
  "lucario_ex": 0.6666666666666666,
  "crustle_LO": 1.0,
  "mixed_ex3": 0.16666666666666666,
  "alakazam": 0.8333333333333334,
  "mixed_ex4_arch": 0.0,
  "dragapult": 0.0,
  "_band_weighted": 0.575
 },
 "build_v004": {
  "lucario_ex": 1.0,
  "crustle_LO": 1.0,
  "mixed_ex3": 0.6666666666666666,
  "alakazam": 0.16666666666666666,
  "mixed_ex4_arch": 0.0,
  "dragapult": 1.0,
  "_band_weighted": 0.6833333333333333
 }
}