{
 "v016_wall": {
  "lucario_ex": {
   "wr": 0.6666666666666666,
   "w": 4,
   "l": 2,
   "d": 0
  },
  "crustle_LO": {
   "wr": 0.8333333333333334,
   "w": 5,
   "l": 1,
   "d": 0
  },
  "mixed_ex3": {
   "wr": 0.8333333333333334,
   "w": 5,
   "l": 1,
   "d": 0
  },
  "alakazam": {
   "wr": 0.16666666666666666,
   "w": 1,
   "l": 5,
   "d": 0
  },
  "mixed_ex4_arch": {
   "wr": 0.3333333333333333,
   "w": 2,
   "l": 4,
   "d": 0
  },
  "dragapult": {
   "wr": 1.0,
   "w": 6,
   "l": 0,
   "d": 0
  },
  "_band_weighted": 0.595
 },
 "LO_mill": {
  "lucario_ex": {
   "wr": 0.6666666666666666,
   "w": 4,
   "l": 2,
   "d": 0
  },
  "crustle_LO": {
   "wr": 0.5,
   "w": 3,
   "l": 3,
   "d": 0
  },
  "mixed_ex3": {
   "wr": 0.6666666666666666,
   "w": 4,
   "l": 2,
   "d": 0
  },
  "alakazam": {
   "wr": 1.0,
   "w": 6,
   "l": 0,
   "d": 0
  },
  "mixed_ex4_arch": {
   "wr": 0.3333333333333333,
   "w": 2,
   "l": 4,
   "d": 0
  },
  "dragapult": {
   "wr": 0.16666666666666666,
   "w": 1,
   "l": 5,
   "d": 0
  },
  "_band_weighted": 0.6016666666666668
 }
}