{
 "v016_wall": {
  "lucario_ex": {
   "wr": 0.8066666666666666,
   "w": 242,
   "l": 58,
   "d": 0
  },
  "crustle_LO": {
   "wr": 0.89,
   "w": 267,
   "l": 33,
   "d": 0
  },
  "mixed_ex3": {
   "wr": 0.81,
   "w": 243,
   "l": 57,
   "d": 0
  },
  "alakazam": {
   "wr": 0.24,
   "w": 72,
   "l": 228,
   "d": 0
  },
  "mixed_ex4_arch": {
   "wr": 0.17,
   "w": 51,
   "l": 248,
   "d": 1
  },
  "dragapult": {
   "wr": 1.0,
   "w": 300,
   "l": 0,
   "d": 0
  },
  "_band_weighted": 0.6456666666666668
 },
 "LO_mill": {
  "lucario_ex": {
   "wr": 0.8333333333333334,
   "w": 250,
   "l": 50,
   "d": 0
  },
  "crustle_LO": {
   "wr": 0.5,
   "w": 150,
   "l": 150,
   "d": 0
  },
  "mixed_ex3": {
   "wr": 0.7866666666666666,
   "w": 236,
   "l": 64,
   "d": 0
  },
  "alakazam": {
   "wr": 0.8733333333333333,
   "w": 262,
   "l": 38,
   "d": 0
  },
  "mixed_ex4_arch": {
   "wr": 0.6866666666666666,
   "w": 206,
   "l": 94,
   "d": 0
  },
  "dragapult": {
   "wr": 0.2966666666666667,
   "w": 89,
   "l": 211,
   "d": 0
  },
  "_band_weighted": 0.6846333333333334
 }
}