{
 "alakazam_dun": {
  "base": 0.8033333333333333,
  "base_err": 0,
  "bench_strict": 0.8216666666666667,
  "bench_strict_err": 0
 },
 "marnie": {
  "base": 0.83,
  "base_err": 0,
  "bench_strict": 0.8333333333333334,
  "bench_strict_err": 0
 },
 "alakazam": {
  "base": 0.8766666666666667,
  "base_err": 0,
  "bench_strict": 0.88,
  "bench_strict_err": 0
 },
 "archaludon": {
  "base": 0.86,
  "base_err": 0,
  "bench_strict": 0.8316666666666667,
  "bench_strict_err": 0
 },
 "lucario_ex": {
  "base": 0.82,
  "base_err": 0,
  "bench_strict": 0.8283333333333334,
  "bench_strict_err": 0
 },
 "pure_wall": {
  "base": 0.19833333333333333,
  "base_err": 0,
  "bench_strict": 0.19666666666666666,
  "bench_strict_err": 0
 },
 "crustle_LO": {
  "base": 0.5716666666666667,
  "base_err": 0,
  "bench_strict": 0.5883333333333334,
  "bench_strict_err": 0
 },
 "dragapult": {
  "base": 0.3233333333333333,
  "base_err": 0,
  "bench_strict": 0.355,
  "bench_strict_err": 0
 }
}