{
 "koff (SHIPPED)": {
  "v1": 0.7915472739820566,
  "v2": 0.7660524209683873
 },
 "stock LO (pre KO_OFF)": {
  "v1": 0.7341052449965494,
  "v2": 0.7206218487394958
 },
 "megaluc cand (exp066)": {
  "v1": 0.5474508281573499,
  "v2": 0.6133601440576231
 },
 "dragapult cand (exp065)": {
  "v1": 0.5810300207039337,
  "v2": 0.6141860744297719
 },
 "pub1034 search ON": {
  "v1": 0.8625952380952381,
  "v2": 0.8788787515006002
 },
 "pub1034 search OFF": {
  "v1": 0.8377241200828158,
  "v2": 0.854530612244898
 }
}