{
 "boss_killx2": 0.4866666666666667,
 "mine_counterx2": 0.5133333333333333,
 "boss+mine_x2": 0.48333333333333334
}