{
 "A_pub_stock": {
  "mirror": 0.5,
  "koff": 0.3333333333333333,
  "wall": 0.8333333333333334
 },
 "B_hammer": {
  "mirror": 0.5,
  "koff": 0.0,
  "wall": 1.0
 },
 "C_nonex_freq": {
  "mirror": 0.6666666666666666,
  "koff": 0.6666666666666666,
  "wall": 1.0
 },
 "D_dipplin": {
  "mirror": 0.3333333333333333,
  "koff": 0.0,
  "wall": 1.0
 }
}