{
 "alakazam_dun": {
  "on": 0.95,
  "on_t": 271.27964782714844,
  "off": 0.915,
  "off_t": 11.628735065460205
 },
 "archaludon": {
  "on": 0.835,
  "on_t": 280.1758587360382,
  "off": 0.81,
  "off_t": 10.057084321975708
 },
 "alakazam": {
  "on": 0.91,
  "on_t": 321.5909626483917,
  "off": 0.89,
  "off_t": 12.531816482543945
 },
 "marnie": {
  "on": 0.9,
  "on_t": 343.24491453170776,
  "off": 0.92,
  "off_t": 11.554311037063599
 },
 "lucario_ex": {
  "on": 0.875,
  "on_t": 346.3968482017517,
  "off": 0.825,
  "off_t": 10.844996213912964
 },
 "dragapult": {
  "on": 0.425,
  "on_t": 257.3313338756561,
  "off": 0.415,
  "off_t": 11.104422807693481
 },
 "pure_wall": {
  "on": 0.945,
  "on_t": 136.4549994468689,
  "off": 0.89,
  "off_t": 5.994159460067749
 },
 "crustle_LO": {
  "on": 0.385,
  "on_t": 198.65042567253113,
  "off": 0.32,
  "off_t": 7.7812886238098145
 }
}