{"wr": {"alakazam": 0.905, "alakazam_dun": 0.89, "archaludon": 0.865, "cinderace": 0.835, "crustle_LO": 0.375, "dragapult": 0.36, "lucario_ex": 0.9, "marnie": 0.93, "pure_wall": 0.91}, "our": 0.79954, "silver": 0.8536394927536232}