{
 "wr": {
  "alakazam_dun": 0.6,
  "marnie": 0.6,
  "alakazam": 0.5,
  "archaludon": 0.8216666666666667,
  "lucario_ex": 0.7,
  "pure_wall": 0.6,
  "crustle_LO": 0.57,
  "dragapult": 0.2866666666666667
 },
 "band_old": 0.766124650025632,
 "band_new": 0.6019776016404432
}