{
 "wr": {
  "alakazam_dun": 0.595,
  "marnie": 0.705,
  "alakazam": 0.6,
  "archaludon": 0.8216666666666667,
  "lucario_ex": 0.67,
  "pure_wall": 0.63,
  "crustle_LO": 0.57,
  "dragapult": 0.2866666666666667
 },
 "band_old": 0.766124650025632,
 "band_new": 0.6357330730707047
}