{
 "wr": {
  "alakazam_dun": 0.645,
  "marnie": 0.635,
  "alakazam": 0.62,
  "archaludon": 0.8216666666666667,
  "lucario_ex": 0.58,
  "pure_wall": 0.69,
  "crustle_LO": 0.57,
  "dragapult": 0.2866666666666667
 },
 "band_old": 0.766124650025632,
 "band_new": 0.6420042194092827
}