{
 "per_matchup": {
  "base": {
   "alakazam_dun": 0.5,
   "marnie": 1.0,
   "alakazam": 0.8333333333333334,
   "pure_wall": 0.16666666666666666,
   "archaludon": 1.0,
   "lucario_ex": 0.6666666666666666,
   "dragapult": 0.16666666666666666,
   "crustle_LO": 0.3333333333333333
  },
  "maxdmg": {
   "alakazam_dun": 0.5,
   "marnie": 1.0,
   "alakazam": 0.8333333333333334,
   "pure_wall": 0.16666666666666666,
   "archaludon": 1.0,
   "lucario_ex": 0.6666666666666666,
   "dragapult": 0.16666666666666666,
   "crustle_LO": 0.3333333333333333
  },
  "ko": {
   "alakazam_dun": 0.5,
   "marnie": 1.0,
   "alakazam": 0.8333333333333334,
   "pure_wall": 0.16666666666666666,
   "archaludon": 1.0,
   "lucario_ex": 0.6666666666666666,
   "dragapult": 0.16666666666666666,
   "crustle_LO": 0.3333333333333333
  }
 },
 "band": {
  "base": 0.6500847825229702,
  "maxdmg": 0.6500847825229702,
  "ko": 0.6500847825229702
 }
}